tag,name,join_date
#G0C08P0V,BOMBA 019,2025-10-08
#Q9Y0VQQ8L,GM SATURNO,2025-10-08
#QVV99VLUU,Barreto ||,2025-10-08
#LURJG0J9P,Xx_C.P Philips,2025-10-08
#89JGLLGRG,™ZzWolfッZz ⚔,2025-10-08
#GCCU20G80,ᴱᵂ Ragnar,2025-10-08
#GCLGPPCRP,ᴱᵂ Igris,2025-10-08
#QLYQQG8PV,NATTILA,2025-10-08
#LJJCV20R8,negao,2025-10-08
#Q2QR20PVV,duble de rico,2025-10-08
#2LQ0QC9CC,naman novaes,2025-10-08
#YPJVQ9CYJ,OROKKI,2025-10-08
#2LR8C90Y,Lord Lucas ♎,2025-10-08
#GJ9J8LVYV,Itachi 5.0,2025-10-08
#GCYUYRV89,hmmmmmm,2025-10-08
#8JLRCRC80,natan,2025-10-08
#GQC82YVQJ,ᴱᵂ Deyvid,2025-10-08
#QJLRJV0VP,Gui Pro Master,2025-10-08
#G8RR8YVLV,ZORD,2025-10-08
#YVLPP88R2,Xnzr,2025-10-08
#92JY0PQCC,storn4,2025-10-08
#GQVJ92CRL,Saruman,2025-10-08
#8UURGPY2P,Chainsmoker,2025-10-08
#9C88GL88J,SHINCHAN NOHARA,2025-10-08
#GL8PRV8VY,LUAN Penalva,2025-10-08
#2LC8PL8RJ,Thiago,2025-10-08
#GYQY0UQGJ,vn maravilhoso,2025-10-08
#GC92G0YCC,Ana Mitsunaga,2025-10-08
#9U90GY900,VITINn,2025-10-08
#G8RR9UVY9,scope,2025-10-08
#GJ9QYP8JC,lari,2025-10-08
#GU90G9Y0J,felps,2025-10-08
#P029G0QRR,carllos,2025-10-08
#YV8QV9Y8G,zoi tess,2025-10-08
#G9PCJV0PQ,lizz,2025-10-08
#GRCG8YGP2,sFereTHG,2025-10-08
#GGVVCVRVJ,Edward3,2025-10-08
#QRLU98JY2,POROROCA,2025-10-08
#GYCLRVUQV,Nelsinho,2025-10-08
#GRJ98UCLU,zaza,2025-10-08
#LUGVVYYV0,asaf3,2025-10-08
#GUPVPPJ80,wesley,2025-10-08
#QGLL9CYGU,maelzin,2025-10-08
#9V0UQPJPV,sdds,2025-10-08
#8Y2YQV2LV,Roberta,2025-10-08
#QRC0P2R9G,isabela linda,2025-10-08
#9C82JPL22,VETERANO,2025-10-08
#QCQVR02LR,prinzhofer,2025-10-08
#G0C2Y2RGG,playdif,2025-10-08
#G8VP9YQ82,Alonez 171,2025-10-08
